id,name,url,program,degree,country,state,online,oncampus,department,created_at,updated_at
1,South Dakota State University,http://www.sdstate.edu/mathstat/grad/masters-in-data-science.cfm,Data Science,Masters,US,SD,false,true,Mathematics and Statistics,2015-01-10 04:13:13 UTC,2015-01-10 04:13:13 UTC
2,Dakota State University,http://www.dsu.edu/msa/,Analytics,Masters,US,SD,true,true,Business and Information Systems,2015-01-10 04:13:13 UTC,2015-01-10 04:13:13 UTC
3,Lewis University,http://www.lewisu.edu/academics/data-science/index.htm,Data Science,Masters,US,IL,true,true,Computer Science,2015-01-10 04:13:13 UTC,2015-01-10 04:13:13 UTC
4,Saint Joseph's University,http://online.sju.edu/programs/business-intelligence-masters.asp,Business Intelligence & Analytics,Masters,US,PA,true,true,Business,2015-01-10 04:13:13 UTC,2015-01-10 04:13:13 UTC
5,University Of Leeds,http://www.engineering.leeds.ac.uk/computing/postgraduate/masters-advanced-computer-science/,Advanced Computer Science(Data Analytics),Masters,GB,"",false,true,Computer Science,2015-01-10 04:13:13 UTC,2015-01-10 04:13:13 UTC
6,Arizona State University,http://wpcarey.asu.edu/undergraduate-degrees/data-analytics,Business Data Analytics,Bachelors,US,AZ,false,true,Business,2015-01-10 04:13:13 UTC,2015-01-10 04:13:13 UTC
7,University Of Central Florida,http://dms.stat.ucf.edu/,Data Mining,Masters,US,FL,false,true,Statistics,2015-01-10 04:13:13 UTC,2015-01-10 04:13:13 UTC
8,Hong Kong University of Science & Technology,http://www.rmbi.ust.hk/,Risk Management and Business Intelligence,Bachelors,HK,"",false,true,"",2015-01-10 04:13:13 UTC,2015-01-10 04:13:13 UTC
9,University of Texas Dallas,https://jindal.utdallas.edu/academic-programs/masters-programs/ms-in-business-analytics/,Business Analytics,Masters,US,TX,false,true,Management,2015-01-10 04:13:14 UTC,2015-01-10 04:13:14 UTC
10,The Ohio State University,https://data-analytics.osu.edu/,Data Analytics,Bachelors,US,OH,false,true,Interdisciplinary,2015-01-10 04:13:14 UTC,2015-01-10 04:13:14 UTC
11,University of Rochester,http://www.rochester.edu/data-science/academics/index.html,Data Science,Bachelors,US,NY,false,true,Interdisciplinary,2015-01-10 04:13:14 UTC,2015-01-10 04:13:14 UTC
12,TU Dortmund,http://www.statistik.tu-dortmund.de/701.html,Data Analysis and Management,Bachelors,DE,"",false,true,Statistics,2015-01-10 04:13:14 UTC,2015-01-10 04:13:14 UTC
13,TU Dortmund,http://www.statistik.tu-dortmund.de/703.html,Data Science,Masters,DE,"",false,true,Statistics,2015-01-10 04:13:14 UTC,2015-01-10 04:13:14 UTC
14,Maastricht University,http://www.maastrichtuniversity.nl/web/Schools/DKE/TargetGroup/ProspectiveStudents/MastersProgrammes/ArtificialIntelligence.htm,Artificial Intelligence,Masters,NL,"",false,true,"",2015-01-10 04:13:14 UTC,2015-01-10 04:13:14 UTC
15,University of Arkansas at Little Rock,http://ualr.edu/informationquality/,Information Quality Program,Masters,US,AR,false,true,Information Quality,2015-01-10 04:13:14 UTC,2015-01-10 04:13:14 UTC
16,Worcester Polytechnic Institute,http://www.wpi.edu/academics/datascience.html,Data Science,Masters,US,MA,false,true,"",2015-01-10 04:13:14 UTC,2015-01-10 04:13:14 UTC
17,University Of Colorado,http://leeds.colorado.edu/ms#msba_business_analytics,Business Analytics,Masters,US,CO,false,true,Business,2015-01-10 04:13:14 UTC,2015-01-10 04:13:14 UTC
18,Colorado Technical University,http://www.coloradotech.edu/degrees/doctorates/computer-science/big-data,Big Data Analytics,Doctorate,US,CO,true,true,"",2015-01-10 04:13:14 UTC,2015-01-10 04:13:14 UTC
19,Elmhurst College,http://public.elmhurst.edu/data_science,Data Science,Masters,US,IL,true,false,"",2015-01-10 04:13:14 UTC,2015-01-10 04:13:14 UTC
20,University of the Fraser Valley,http://www.ufv.ca/math/data-analysis/,Data Analysis,Certificate,CA,"",false,true,Mathematics and Statistics,2015-01-10 04:13:14 UTC,2015-01-10 04:13:14 UTC
21,Queen's University,http://business.queensu.ca/grad_studies/mma/,Management Analytics,Masters,CA,"",false,true,Business,2015-01-10 04:13:14 UTC,2015-01-10 04:13:14 UTC
22,ENSAE Paris Tech,http://www.ensae.fr/formations-navhorizontale-172/statisticien-conomiste-navhorizontale-48/3me-anne-voies-de-spcialisation-formationsdiplome-96/data-science-cours-3a.html,Data Science Specialisation,Bachelors,FR,"",false,true,"",2015-01-10 04:13:14 UTC,2015-01-10 04:13:14 UTC
23,Telecom Paris Tech,http://www.telecom-paristech.fr/formation-continue/masteres-specialises/big-data.html,Big Data,Masters,FR,"",false,true,"",2015-01-10 04:13:14 UTC,2015-01-10 04:13:14 UTC
24,Aarhus University,http://icoa.au.dk/news/single/artikel/seeking-candidate-for-industrial-phd/,Industrial Phd In Big Data Analysis,Doctorate,DK,"",false,true,"",2015-01-10 04:13:14 UTC,2015-01-10 04:13:14 UTC
25,University Of Alberta,https://www.cs.ualberta.ca/graduate-students/msc-program-requirements/statistical-machine-learning,Statistical Machine Learning,Masters,CA,"",false,true,"",2015-01-10 04:13:14 UTC,2015-01-10 04:13:14 UTC
26,Imperial College London,http://www3.imperial.ac.uk/computing/teaching/pg/mcsml,Computing (Machine Learning),Masters,GB,"",false,true,"",2015-01-10 04:13:14 UTC,2015-01-10 04:13:14 UTC
27,Deakin University,http://www.deakin.edu.au/future-students/courses/course.php?course=M760&stutype=local&keywords=information+systems,Business Analytics,Masters,AU,"",false,true,"",2015-01-10 04:13:14 UTC,2015-01-10 04:13:14 UTC
28,Macquarie University,http://courses.mq.edu.au/postgraduate/master/master-of-data-science,Data Science,Masters,AU,"",false,true,"",2015-01-10 04:13:14 UTC,2015-01-10 04:13:14 UTC
29,"National University Of Ireland, Galway",http://www.nuigalway.ie/courses/taught-postgraduate-courses/information-systems-management.html,Information Systems Management,Masters,IE,"",false,true,"",2015-01-10 04:13:14 UTC,2015-01-10 04:13:14 UTC
30,Mykolas Romeris University,https://stdb.mruni.eu/studiju_programos_aprasas.php?id=2481&l=en,Business Informatics,Masters,LT,"",false,true,"",2015-01-10 04:13:14 UTC,2015-01-10 04:13:14 UTC
31,Universidade Nova de Lisboa,http://www.isegi.unl.pt/MGI/Especializacao/Gestao-Sistemas-Tecnologias-Informacao/Detalhe-do-Curso/plano-de-estudos.asp,Information Management,Masters,PT,"",false,true,Statistics And Information Management,2015-01-10 04:13:14 UTC,2015-01-10 04:13:14 UTC
32,Vienna University,http://www.wu.ac.at/programs/en/master/is/structure/firstyear,Information Systems,Masters,AT,"",false,true,Business,2015-01-10 04:13:14 UTC,2015-01-10 04:13:14 UTC
33,Cornell University,http://stat.cornell.edu/academics/mps,Applied Statistics,Masters,US,NY,false,true,Statistics,2015-01-10 04:13:14 UTC,2015-01-10 04:13:14 UTC
34,Harvard University,http://www.seas.harvard.edu/computational-science-and-engineering/master-science-cse,Computational Science And Engineering,Masters,US,MA,false,true,Engineering,2015-01-10 04:13:14 UTC,2015-01-10 04:13:14 UTC
35,"University Of Maryland, College Park",http://www.rhsmith.umd.edu/ms/analytics/,Marketing Analytics,Masters,US,MD,false,true,Business,2015-01-10 04:13:14 UTC,2015-01-10 04:13:14 UTC
36,Rutgers University,http://psm.rutgers.edu/programs/analytics,Business Analytics,Masters,US,NJ,false,true,Business,2015-01-10 04:13:14 UTC,2015-01-10 04:13:14 UTC
37,Cornell University,http://www.orie.cornell.edu/orie/academics/master/index.cfm,Data Analytics,Masters,US,NY,false,true,Engineering,2015-01-10 04:13:14 UTC,2015-01-10 04:13:14 UTC
38,Brandeis University,http://www.brandeis.edu/gps/courses/programs/listings/strategic-analytics.html,Strategic Analytics,Masters,US,MA,false,true,"",2015-01-10 04:13:14 UTC,2015-01-10 04:13:14 UTC
39,Depaul University,http://www.cdm.depaul.edu/academics/Pages/MS-In-Predictive-Analytics.aspx,Predictive Analytics,Masters,US,IL,true,true,Computing,2015-01-10 04:13:14 UTC,2015-01-10 04:13:14 UTC
40,Southern New Hampshire University,http://www.snhu.edu/online-degrees/graduate-degrees/data-analytics-ms-online.asp,Data Analytics,Masters,US,NH,true,false,"",2015-01-10 04:13:14 UTC,2015-01-10 04:13:14 UTC
41,Bowling Green State University,http://www.bgsu.edu/gradcoll/programs/page136074.html,Analytics,Masters,US,OH,false,true,"",2015-01-10 04:13:14 UTC,2015-01-10 04:13:14 UTC
42,Harrisburg University Of Science And Technology,http://www.harrisburgu.edu/academics/graduate/analytics/,nalytics,Masters,US,PA,true,true,"",2015-01-10 04:13:14 UTC,2015-01-10 04:13:14 UTC
43,Texas A&M University,http://analytics.stat.tamu.edu/,Analytics,Masters,US,TX,false,true,"",2015-01-10 04:13:14 UTC,2015-01-10 04:13:14 UTC
44,Columbia University,http://idse.columbia.edu/masters,Data Science,Masters,US,NY,false,true,Institute for Data Sciences and Engineering,2015-01-10 04:13:14 UTC,2015-01-10 04:13:14 UTC
45,University of Illinois,http://www.stat.illinois.edu/degrees/msanalytics.shtml,Analytics,Masters,US,IL,false,true,Statistics,2015-01-10 04:13:14 UTC,2015-01-10 04:13:14 UTC
46,National University of Singapore,http://msba.nus.edu/home,Business Analytics,Masters,SG,"",false,true,"",2015-01-10 04:13:14 UTC,2015-01-10 04:13:14 UTC
47,Barcelona School of Management,http://www.barcelonaschoolofmanagement.upf.edu/master-of-science-in-management-specialization-in-business-analytics,Management - Business Analytics,Masters,ES,"",false,true,"",2015-01-10 04:13:14 UTC,2015-01-10 04:13:14 UTC
48,Erasmus University,http://www.rsm.nl/master/msc-business-information-management/curriculum/starting-point/electives/big-data-and-business-analytics-block-5/,Big Data and Business Analytics,Masters,NL,"",false,true,"",2015-01-10 04:13:14 UTC,2015-01-10 04:13:14 UTC
49,Radboud Universiteit Nijmegen,http://www.ru.nl/businessadministration/study_programmes/master%27s_programmes_0/business_analysis/,Business Analysis and Modelling,Masters,NL,"",false,true,"",2015-01-10 04:13:14 UTC,2015-01-10 04:13:14 UTC
50,University Of Pisa,http://www.unipi.it/index.php/ects/ects?ects_id=WBI-LM,Business Informatics,Masters,IT,"",false,true,"",2015-01-10 04:13:14 UTC,2015-01-10 04:13:14 UTC
51,Vrije Universiteit Amsterdam,http://www.vu.nl/nl/opleidingen/masteropleidingen/opleidingenoverzicht/a-b/business-analytics/index.asp,Business Analytics,Masters,NL,"",false,true,"",2015-01-10 04:13:14 UTC,2015-01-10 04:13:14 UTC
52,University of Warwick,http://www2.warwick.ac.uk/fac/sci/statistics/courses/datsci,Data Science,Bachelors,GB,"",false,true,"",2015-01-10 04:13:14 UTC,2015-01-10 04:13:14 UTC
53,University of Maryland University College (UMUC),http://www.umuc.edu/academic-programs/masters-degrees/data-analytics.cfm,Data Analytics,Masters,US,MD,true,false,"",2015-01-10 04:13:14 UTC,2015-01-10 04:13:14 UTC
54,"University of California, Irvine",http://unex.uci.edu/areas/it/predictive_analytics/courses.aspx,Predictive Analytics,Certificate,US,CA,true,true,"",2015-01-10 04:13:14 UTC,2015-01-10 04:13:14 UTC
55,"University of California, Berkeley",http://extension.berkeley.edu/public/category/courseCategoryCertificateProfile.do?method=load&certificateId=17152&selectedProgramAreaId=15499&selectedProgramStreamId=16388,Business Intelligence and SAS Analytics Software,Certificate,US,CA,false,true,"",2015-01-10 04:13:14 UTC,2015-01-10 04:13:14 UTC
56,University of Otago,http://www.otago.ac.nz/business/study/postgraduate/otago052118.html,Business Data Science,Masters,NZ,"",false,true,Business,2015-01-10 04:13:14 UTC,2015-01-10 04:13:14 UTC
57,University Of San Francisco,http://usfca.edu/artsci/bsds/,Data Science,Bachelors,US,CA,false,true,"",2015-01-10 04:13:14 UTC,2015-01-10 04:13:14 UTC
58,"Goldsmiths, University of London",http://www.gold.ac.uk/pg/msc-data-science/,Data Science,Masters,GB,"",false,true,"",2015-01-10 04:13:14 UTC,2015-01-10 04:13:14 UTC
59,Coventry University,http://www.coventry.ac.uk/course-structure/2013/faculty-of-engineering-and-computing/postgraduate-degree-mba-msc-ma/data-science-and-computational-intelligence-msc/,Data Science and Computational Intelligence,Masters,GB,"",false,true,"",2015-01-10 04:13:14 UTC,2015-01-10 04:13:14 UTC
60,Northern Kentucky University,http://informatics.nku.edu/content/informatics/departments/computer-science/programs/datascience.html,Data Science,Bachelors,US,KY,false,true,Computer Science,2015-01-10 04:13:14 UTC,2015-01-10 04:13:14 UTC
61,Carnegie Mellon University,http://www.ml.cmu.edu/prospective-students/PhD%20Programs.html,Machine Learning,Doctorate,US,PA,false,true,"",2015-01-10 04:13:14 UTC,2015-01-10 04:13:14 UTC
62,The University of Iowa,http://tippie.uiowa.edu/management-sciences/undergraduate.cfm,Business Analytics,Bachelors,US,SD,false,true,Business,2015-01-10 04:13:14 UTC,2015-01-10 04:13:14 UTC
63,"University of California, Berkeley",http://datascience.berkeley.edu/,Information and Data Science,Masters,US,CA,true,false,School of Information,2015-01-10 04:13:14 UTC,2015-01-10 04:13:14 UTC
64,Universitat Pompeu Fabra,http://www.upf.edu/iis/program.html,Intelligent Interactive Systems,Masters,ES,"",false,true,"",2015-01-10 04:13:14 UTC,2015-01-10 04:13:14 UTC
65,National College Of Ireland,http://www.ncirl.ie/Courses/Course-Details/course/Higher-Diploma-in-Science-in-Web-Technologies-HDSWTECH1,Data Analytics,Certificate,IE,"",false,true,"",2015-01-10 04:13:14 UTC,2015-01-10 04:13:14 UTC
66,Universities Of Alicante,http://www.iuii.ua.es/MLDM/overview.php,Machine Learning And Data Mining,Masters,ES,"",false,true,"",2015-01-10 04:13:14 UTC,2015-01-10 04:13:14 UTC
67,Leeds Met,http://courses.leedsmet.ac.uk/businessintelligencesas_msc,usiness Intelligence,Masters,GB,"",false,true,"",2015-01-10 04:13:14 UTC,2015-01-10 04:13:14 UTC
68,University College Cork,http://www.ucc.ie/en/ckr49/,Data Science and Analytics,Masters,IE,"",false,true,"",2015-01-10 04:13:14 UTC,2015-01-10 04:13:14 UTC
69,Illinois Institute of Technology,http://www.iit.edu/csl/cs/programs/grad/mcs_da.shtml,Data Analytics,Masters,US,IL,false,true,Computer Science,2015-01-10 04:13:15 UTC,2015-01-10 04:13:15 UTC
70,Illinois Institute of Technology,http://www.iit.edu/csl/programs/professional_masters/data_science.shtml,Data Science: Analytics Professional Master's Programs,Masters,US,IL,false,true,"",2015-01-10 04:13:15 UTC,2015-01-10 04:13:15 UTC
71,Georgia Tech,http://www.cc.gatech.edu/future/masters/mscs/program,Computer Science Specialization In Machine Learning,Masters,US,GA,false,true,Computer Science,2015-01-10 04:13:15 UTC,2015-01-10 04:13:15 UTC
72,University of Pittsburgh,http://www.ischool.pitt.edu/ist/degrees/specializations/big-data.php,Big Data Analytics ,Masters,US,PA,false,true,Information Sciences,2015-01-10 04:13:15 UTC,2015-01-10 04:13:15 UTC
73,Irish Management Institute,http://www.imi.ie/news-and-events/we-mean-business-with-data-business/,Data Business,Masters,IE,"",false,true,"",2015-01-10 04:13:15 UTC,2015-01-10 04:13:15 UTC
74,Robert Gordon University,http://www.rgu.ac.uk/computing/study-options/postgraduate-taught-full-time/computing-information-engineering,Information Engineering,Masters,GB,"",false,true,"",2015-01-10 04:13:15 UTC,2015-01-10 04:13:15 UTC
75,University of Manchester,http://www.mbs.ac.uk/masters/courses/analytics-operational-research-risk-analysis/index.aspx,Business Analytic,Masters,GB,"",false,true,"",2015-01-10 04:13:15 UTC,2015-01-10 04:13:15 UTC
76,Aston University,http://www1.aston.ac.uk/aston-business-school/programmes/postgraduate/msc-programmes/msc-business-analytics-and-information-systems-management/,Business Analytics,Masters,GB,"",false,true,"",2015-01-10 04:13:15 UTC,2015-01-10 04:13:15 UTC
77,University of Strathclyde,http://www.strath.ac.uk/mansci/prospectivestudents/mscbusinessanalysisandconsulting/,Business Analysis and Consulting,Masters,GB,"",true,true,"",2015-01-10 04:13:15 UTC,2015-01-10 04:13:15 UTC
78,Universität Konstanz,http://www.informatik.uni-konstanz.de/en/interestedparties/master/,Information Engineering,Masters,DE,"",false,true,"",2015-01-10 04:13:15 UTC,2015-01-10 04:13:15 UTC
79,Otto Von Guericke University Magdeburg,http://www.uni-magdeburg.de/unimagdeburg/en/Education/Study+Guide/Study+Programmes+with+English+as+Language+of+Instruction/Data+and+Knowledge+Engineering.html,Data And Knowledge Engineering,Masters,DE,"",false,true,"",2015-01-10 04:13:15 UTC,2015-01-10 04:13:15 UTC
80,Polytechnic University Of Turin,https://didattica.polito.it/portal/pls/portal/sviluppo.master.html?cds=73&sdu=32&a_acc=2013&p=presentazione&l=en,Big Data Engineering,Masters,IT,"",false,true,"",2015-01-10 04:13:15 UTC,2015-01-10 04:13:15 UTC
81,EISTI,http://www.eisti.fr/en/master-business-analytics-architecture-data-exploration-and-optimization-adeo,Business Analytics,Masters,FR,"",false,true,"",2015-01-10 04:13:15 UTC,2015-01-10 04:13:15 UTC
82,University of Technology Sydney,https://www.uts.edu.au/research-and-teaching/our-research/advanced-analytics-institute/research-student-opportunities-0,Analytics,Doctorate,AU,"",false,true,"",2015-01-10 04:13:15 UTC,2015-01-10 04:13:15 UTC
83,Dublin City University,http://www.dcu.ie/prospective/deginfo.php?classname=MCM,Data Analytics,Masters,IE,"",false,true,"",2015-01-10 04:13:15 UTC,2015-01-10 04:13:15 UTC
84,Bentley University,http://www.bentley.edu/graduate/academics/special-programs/graduate-certificate-programs#analytics,Business Analytics,Certificate,US,MA,false,true,Business,2015-01-10 04:13:15 UTC,2015-01-10 04:13:15 UTC
85,City University of New York (CUNY),http://sps.cuny.edu/programs/ms_dataanalytics,Data Analytics,Masters,US,NY,true,true,"",2015-01-10 04:13:15 UTC,2015-01-10 04:13:15 UTC
86,Rensselaer Polytechnic Institute,http://www.lallyschool.rpi.edu/academics/ms_ba.html,Business Analytics,Masters,US,NY,false,true,Management,2015-01-10 04:13:15 UTC,2015-01-10 04:13:15 UTC
87,Illinois Institue of Technology,http://www.iit.edu/csl/cs/programs/data_science.shtml,Data Science,Masters,US,IL,false,true,Computer Science,2015-01-10 04:13:15 UTC,2015-01-10 04:13:15 UTC
88,University of Leicester,http://www2.le.ac.uk/study/postgrad/taught-campus/mathematics/analysis,Data Analysis for Business Intelligence,Masters,GB,"",false,true,"",2015-01-10 04:13:15 UTC,2015-01-10 04:13:15 UTC
89,University of Warwick,http://www.wbs.ac.uk/courses/postgraduate/business-analytics-and-consulting/,Business Analytics & Consulting,Masters,GB,"",false,true,"",2015-01-10 04:13:15 UTC,2015-01-10 04:13:15 UTC
90,"Brunel University, London",http://www.brunel.ac.uk/courses/postgraduate/N100PBUSINSM,Business Intelligence and Social Media,Masters,GB,"",false,true,"",2015-01-10 04:13:15 UTC,2015-01-10 04:13:15 UTC
91,Sheffield Hallam University,http://www.shu.ac.uk/prospectus/course/1064/content/,Web and Cloud Computing,Masters,GB,"",false,true,"",2015-01-10 04:13:15 UTC,2015-01-10 04:13:15 UTC
92,University of Surrey,http://www.surrey.ac.uk/postgraduate/courses/business/businessanalytics/,Business Analytics,Masters,GB,"",false,true,Business,2015-01-10 04:13:15 UTC,2015-01-10 04:13:15 UTC
93,Birmingham City University,http://www.bcu.ac.uk/courses/msc-business-intelligence,Business Intelligence,Masters,GB,"",false,true,"",2015-01-10 04:13:15 UTC,2015-01-10 04:13:15 UTC
94,Pace University,http://www.pace.edu/lubin/ms-in-customer-intelligence-analytics,Customer Intelligence and Analytics,Masters,US,NY,false,true,Business,2015-01-10 04:13:15 UTC,2015-01-10 04:13:15 UTC
95,University of Southern California,http://www.cs.usc.edu/academics/masters/msdata.htm,Data Science,Masters,US,CA,false,true,Computer Science,2015-01-10 04:13:15 UTC,2015-01-10 04:13:15 UTC
96,Institute Of Technology Blanchardstown,http://www.itb.ie/StudyatITB/bn518BID.html,Business Intelligence & Data Mining,Masters,IE,"",false,true,"",2015-01-10 04:13:15 UTC,2015-01-10 04:13:15 UTC
97,University of Kent,http://www.kent.ac.uk/kbs/pg-taught/programmes/msc-mgmntsci-analytics.html,Business Analytics,Masters,GB,"",false,true,"",2015-01-10 04:13:15 UTC,2015-01-10 04:13:15 UTC
98,University of Southampton,http://www.southampton.ac.uk/postgraduate/pgstudy/programmes/management/msc_business_analytics_management_sciences.html,Business Analytics and Management Sciences,Masters,GB,"",false,true,"",2015-01-10 04:13:15 UTC,2015-01-10 04:13:15 UTC
99,University Of Warwick,http://www2.warwick.ac.uk/fac/sci/dcs/admissions/taughtmsc/da-msc/,Data Analytics,Masters,GB,"",false,true,"",2015-01-10 04:13:15 UTC,2015-01-10 04:13:15 UTC
100,Bournemouth University,http://courses.bournemouth.ac.uk/courses/postgraduate-degree/applied-data-analytics/msc/1975/course_content-course_content/,Applied Data Analytics,Masters,GB,"",false,true,"",2015-01-10 04:13:15 UTC,2015-01-10 04:13:15 UTC
101,Chinese University of Hong Kong,http://www.sta.cuhk.edu.hk/mscdbs/DBSdefault.asp,Data Science and Business Statistics,Masters,HK,"",false,true,"",2015-01-10 04:13:15 UTC,2015-01-10 04:13:15 UTC
102,Northwestern College (Iowa),http://www.nwciowa.edu/online-learning/analytics,Analytics,Certificate,US,IA,true,true,"",2015-01-10 04:13:15 UTC,2015-01-10 04:13:15 UTC
103,University Of East London,http://www.uel.ac.uk/postgraduate/specs/datamining/,Data Mining And Knowledge Management,Masters,GB,"",false,true,"",2015-01-10 04:13:15 UTC,2015-01-10 04:13:15 UTC
104,University Of Liverpool,http://www.liv.ac.uk/study/postgraduate/taught/faculty-of-science-and-engineering/school-of-electrical-engineering-electronics-and-computer-science/computer-science/mres/advanced-science-computer-sciences-data-mining-pathway/overview/,Data Mining,Masters,GB,"",false,true,"",2015-01-10 04:13:15 UTC,2015-01-10 04:13:15 UTC
105,Telecom Sudparis,http://www.telecom-sudparis.eu/msc?idm=25,Automatic Data Processing,Masters,FR,"",false,true,"",2015-01-10 04:13:15 UTC,2015-01-10 04:13:15 UTC
106,Université De Nantes,http://www.em-dmkm.eu/,Data Mining And Knowledge Management,Masters,EU,"",false,true,"",2015-01-10 04:13:15 UTC,2015-01-10 04:13:15 UTC
107,Université Pierre Et Marie Curie,http://www.upmc.fr/en/education/diplomas/sciences_and_technologies/masters/master_of_computer_science/artificial_intelligence_and_decision_specialization_m2.html,Artificial Intelligence And Decision Specialization,Masters,FR,"",false,true,"",2015-01-10 04:13:15 UTC,2015-01-10 04:13:15 UTC
108,University Of Westminster,http://www.westminster.ac.uk/courses/subjects/business-information-systems/postgraduate-courses/part-time-evening-only/p09epbua-msc-business-intelligence-and-analytics,Business Intelligence And Analytics,Masters,GB,"",false,true,"",2015-01-10 04:13:15 UTC,2015-01-10 04:13:15 UTC
109,Kth Royal Institute Of Technology,http://www.kth.se/en/studies/programmes/master/programmes/it/machinelearning,Machine Learning,Masters,SE,"",false,true,"",2015-01-10 04:13:15 UTC,2015-01-10 04:13:15 UTC
110,Aalto University,http://www.aalto.fi/en/studies/education/programme/machine_learning_data_mining_master/,Machine Learning And Data Mining,Masters,FI,"",false,true,"",2015-01-10 04:13:15 UTC,2015-01-10 04:13:15 UTC
111,University Of Bristol,http://www.bristol.ac.uk/prospectus/postgraduate/2013/prog_details/ENGF/247,Machine Learning And Data Mining,Masters,GB,"",false,true,"",2015-01-10 04:13:15 UTC,2015-01-10 04:13:15 UTC
112,Dalarna University,http://www.du.se/en/bi,Business Intelligence,Masters,SE,"",false,true,"",2015-01-10 04:13:15 UTC,2015-01-10 04:13:15 UTC
113,University Of Helsinki,http://www.cs.helsinki.fi/en/prospective/algorithms-and-machine-learning,Algorithms And Machine Learning,Masters,FI,"",false,true,"",2015-01-10 04:13:15 UTC,2015-01-10 04:13:15 UTC
114,Aarhus University,http://kandidat.au.dk/en/economics-and-business-administration-business-intelligence/,Business Intelligence,Masters,DK,"",false,true,"",2015-01-10 04:13:15 UTC,2015-01-10 04:13:15 UTC
115,University Of Milan-Bicocca,http://www.bimasterbicocca.it/index.php?lang=en,Business Intelligence & Decision Support Systems,Masters,IT,"",false,true,"",2015-01-10 04:13:15 UTC,2015-01-10 04:13:15 UTC
116,University College Dublin,http://www.smurfitschool.ie/businessanalytics/,Business Analytics,Masters,IE,"",false,true,Business,2015-01-10 04:13:15 UTC,2015-01-10 04:13:15 UTC
117,Linköping University,http://www.liu.se/utbildning/pabyggnad/F7MSM?l=en,Statistics And Data Mining,Masters,SE,"",false,true,"",2015-01-10 04:13:15 UTC,2015-01-10 04:13:15 UTC
118,Aalborg University,http://www.studyguide.aau.dk/programmes/postgraduate/55777/,Data Engineering,Masters,DK,"",false,true,"",2015-01-10 04:13:15 UTC,2015-01-10 04:13:15 UTC
119,University Of St Andrews,http://www.creem.st-and.ac.uk/datamining/,Applied Statistics And Data Mining,Masters,GB,"",false,true,"",2015-01-10 04:13:15 UTC,2015-01-10 04:13:15 UTC
120,University Of East Anglia,http://www.uea.ac.uk/study/postgraduate/taught-degree/detail/msc-knowledge-discovery-and-datamining,Knowledge Discovery And Data Mining,Masters,GB,"",false,true,"",2015-01-10 04:13:15 UTC,2015-01-10 04:13:15 UTC
121,University Of Greenwich,http://www.cms.gre.ac.uk/postgraduate/dwadm.asp,Data Warehousing And Data Mining,Masters,GB,"",false,true,"",2015-01-10 04:13:15 UTC,2015-01-10 04:13:15 UTC
122,De Montfort University,http://www.dmu.ac.uk/study/courses/postgraduate-courses/business-intelligence-systems-and-data-mining-msc.aspx,Business Intelligence Systems And Data Mining,Masters,GB,"",false,true,"",2015-01-10 04:13:15 UTC,2015-01-10 04:13:15 UTC
123,University College London,http://www.csml.ucl.ac.uk/courses/msc_csml/,Computational Statistics And Machine Learning,Masters,GB,"",false,true,"",2015-01-10 04:13:15 UTC,2015-01-10 04:13:15 UTC
124,The University Of Edinburgh,http://www.ed.ac.uk/schools-departments/informatics/postgraduate/msc/msc-informatics,Informatics,Masters,GB,"",false,true,"",2015-01-10 04:13:15 UTC,2015-01-10 04:13:15 UTC
125,"Royal Holloway, University Of London",http://www.rhul.ac.uk/computerscience/prospectivestudents/postgraduatetaught/bigdata.aspx,Data Science And Analytics,Masters,GB,"",false,true,"",2015-01-10 04:13:15 UTC,2015-01-10 04:13:15 UTC
126,Sheffield Hallam University,http://www.shu.ac.uk/prospectus/course/1250/,Big Data Analytics,Masters,GB,"",false,true,"",2015-01-10 04:13:15 UTC,2015-01-10 04:13:15 UTC
127,Dublin Institute Of Technology,http://www.dit.ie/postgrad/programmes/dt228adt228bmscincomputingdataanalytics/,Data Analytics,Masters,IE,"",false,true,"",2015-01-10 04:13:15 UTC,2015-01-10 04:13:15 UTC
128,University College London,http://www.cs.ucl.ac.uk/admissions/msc_web_science/,Web Science And Big Data Analytics,Masters,GB,"",false,true,"",2015-01-10 04:13:15 UTC,2015-01-10 04:13:15 UTC
129,The University Of Manchester,http://www.manchester.ac.uk/postgraduate/taughtdegrees/courses/atoz/course/?code=08345&pg=2,Data And Knowledge Management,Masters,GB,"",false,true,"",2015-01-10 04:13:15 UTC,2015-01-10 04:13:15 UTC
130,The George Washington University,http://business.gwu.edu/msba,Business Analytics,Masters,US,DC,false,true,Business,2015-01-10 04:13:15 UTC,2015-01-10 04:13:15 UTC
131,Penn State University,http://bdss.psu.edu/education,Social Data Analytics,Doctorate,US,PA,false,true,Interdisciplinary,2015-01-10 04:13:15 UTC,2015-01-10 04:13:15 UTC
132,University of Washington,http://escience.washington.edu/education-IGERT,Big Data,Doctorate,US,WA,false,true,Interdisciplinary,2015-01-10 04:13:15 UTC,2015-01-10 04:13:15 UTC
133,Brown University,http://cs.brown.edu/~kraskat/phd.html,Big Data,Doctorate,US,RI,false,true,Computer Science,2015-01-10 04:13:15 UTC,2015-01-10 04:13:15 UTC
134,Carnegie Mellon University,http://vlis.isri.cmu.edu/,Computational Data Science,Masters,US,PA,false,true,Computer Science,2015-01-10 04:13:15 UTC,2015-01-10 04:13:15 UTC
135,Indiana University-Purdue University Indianapolis,http://informatics.iupui.edu/graduate/phd/,Informatics,Doctorate,US,IN,false,true,School of Informatics,2015-01-10 04:13:15 UTC,2015-01-10 04:13:15 UTC
136,York University,http://www.schulich.yorku.ca/client/schulich/Schulich_LP4W_LND_WebStation.nsf/page/MSc+in+Business+Analytics?OpenDocument,Business Analytics,Masters,CA,"",false,true,"",2015-01-10 04:13:15 UTC,2015-01-10 04:13:15 UTC
137,University Of Essex,http://www.essex.ac.uk/csee/pg_taught/mscbigdata.aspx?goback=.gde_115439_member_193676745,Big Data And Text Analytics,Masters,GB,"",false,true,"",2015-01-10 04:13:15 UTC,2015-01-10 04:13:15 UTC
138,University College London,http://www.csml.ucl.ac.uk/courses/msc_ml/,Machine Learning,Masters,GB,"",false,true,"",2015-01-10 04:13:15 UTC,2015-01-10 04:13:15 UTC
139,Maastricht University,http://www.maastrichtuniversity.nl/web/show/id=378498/langid=42,Business Intelligence,Masters,NL,"",false,true,"",2015-01-10 04:13:15 UTC,2015-01-10 04:13:15 UTC
140,Ben-Gurion University Of The Negev,http://in.bgu.ac.il/en/engn/ise/Pages/Data_Mining_BI_En.aspx,Data Mining And Business Intelligence,Masters,IL,"",false,true,"",2015-01-10 04:13:15 UTC,2015-01-10 04:13:15 UTC
141,Virginia Commonwealth University,http://www.pubapps.vcu.edu/bulletins/prog_search/?did=20172,Business Analytics,Masters,US,VA,false,true,Business,2015-01-10 04:13:15 UTC,2015-01-10 04:13:15 UTC
142,University of Texas,http://www.mccombs.utexas.edu/Business-Analytics.aspx,Business Analytics,Masters,US,TX,false,true,Business,2015-01-10 04:13:15 UTC,2015-01-10 04:13:15 UTC
143,University Of Tennessee Knoxville,http://bus.utk.edu/soms/analytics/,Business Analytics,Masters,US,TN,false,true,Business,2015-01-10 04:13:15 UTC,2015-01-10 04:13:15 UTC
144,University Of Michigan-Dearborn,http://cob.umd.umich.edu/ms-business-analytics/,Business Analytics,Masters,US,MI,true,true,Business,2015-01-10 04:13:15 UTC,2015-01-10 04:13:15 UTC
145,University of Connecticut,http://msbapm.uconn.edu/,Business Analytics and Project Management,Masters,US,CT,false,true,Business,2015-01-10 04:13:15 UTC,2015-01-10 04:13:15 UTC
146,Stanford University,http://scpd.stanford.edu/public/category/courseCategoryCertificateProfile.do?method=load&certificateId=1240186#searchResults,Biomedical Informatics,Masters,US,CA,true,true,"",2015-01-10 04:13:15 UTC,2015-01-10 04:13:15 UTC
147,Stanford University,http://scpd.stanford.edu/public/category/courseCategoryCertificateProfile.do?method=load&certificateId=10555807,Mining Massive Data Sets,Certificate,US,CA,true,true,"",2015-01-10 04:13:15 UTC,2015-01-10 04:13:15 UTC
148,Rutgers University,http://psm.rutgers.edu/programs/analytics-data-sciences,Analytics,Masters,US,NJ,false,true,"",2015-01-10 04:13:15 UTC,2015-01-10 04:13:15 UTC
149,Rutgers University,http://www.business.rutgers.edu/mba/concentrations/aim,Analytics and Information Management,Masters,US,NJ,false,true,Business,2015-01-10 04:13:16 UTC,2015-01-10 04:13:16 UTC
150,Purdue University,https://masters.krannert.purdue.edu/programs/mba/business-analytics/,Business Analytics,Masters,US,IN,false,true,Business,2015-01-10 04:13:16 UTC,2015-01-10 04:13:16 UTC
151,Oakland University,http://www.oakland.edu/MSITM-BA,Business Analytics,Masters,US,MI,true,true,Business,2015-01-10 04:13:16 UTC,2015-01-10 04:13:16 UTC
152,New Jersey Institute of Technology,http://online.njit.edu/programs/certs/datamining-cert.php,Data Mining,Certificate,US,NJ,false,true,"",2015-01-10 04:13:16 UTC,2015-01-10 04:13:16 UTC
153,Kennesaw State University,https://analytics.kennesaw.edu/academics/certificate/appl-stat/index.html,Applied Statistics,Certificate,US,GA,true,true,Statistics,2015-01-10 04:13:16 UTC,2015-01-10 04:13:16 UTC
154,Kennesaw State University,https://analytics.kennesaw.edu/academics/grad/MSAS/index.html,Applied Statistics,Masters,US,GA,false,true,Statistics,2015-01-10 04:13:16 UTC,2015-01-10 04:13:16 UTC
155,Johns Hopkins University,http://advanced.jhu.edu/academic/biotechnology/ms-in-bioinformatics/,Bioinformatics,Masters,US,MD,false,true,"",2015-01-10 04:13:16 UTC,2015-01-10 04:13:16 UTC
156,Fordham University,http://www.bnet.fordham.edu/academics/ms_programs/ms_business_analytics/index.asp,Business Analytics,Masters,US,NY,false,true,Business,2015-01-10 04:13:16 UTC,2015-01-10 04:13:16 UTC
157,Drexel University,http://www.lebow.drexel.edu/academics/programs/masters/business-analytics,Business Analytics,Masters,US,PA,false,true,Business,2015-01-10 04:13:16 UTC,2015-01-10 04:13:16 UTC
158,Central Michigan University,http://www.cmich.edu/academics/sci_tech/math/academic_programs/graduate/Pages/default.aspx,Data Mining,Certificate,US,MI,false,true,Mathematics,2015-01-10 04:13:16 UTC,2015-01-10 04:13:16 UTC
159,Bentley University,http://www.bentley.edu/graduate/academics/ms-programs/marketing-analytics,Marketing Analytics,Masters,US,MA,false,true,Business,2015-01-10 04:13:16 UTC,2015-01-10 04:13:16 UTC
160,Arizona State University,http://wpcarey.asu.edu/masters-programs/business-analytics,Business Analytics,Masters,US,AZ,false,true,Business,2015-01-10 04:13:16 UTC,2015-01-10 04:13:16 UTC
161,Southern Methodist University,http://www.smu.edu/Dedman/Academics/Departments/Statistics/AppliedMSProgram,Statistics and Data Analytics,Masters,US,TX,false,true,Statistics,2015-01-10 04:13:16 UTC,2015-01-10 04:13:16 UTC
162,University of Dundee,http://www.computing.dundee.ac.uk/newsandevents/newsdetail.asp?978,Data Science,Masters,GB,"",false,true,Computing,2015-01-10 04:13:16 UTC,2015-01-10 04:13:16 UTC
163,New York University (NYU),http://cds.nyu.edu/academics/ms-in-data-science/,Data Science,Masters,US,NY,false,true,Interdisciplinary,2015-01-10 04:13:16 UTC,2015-01-10 04:13:16 UTC
164,George Mason University,http://spacs.gmu.edu/minor-in-computational-and-data-sciences/,Computational Data Sciences Minor,Bachelors,US,VA,false,true,"School of Physics, Astronomy, and Computational Sciences",2015-01-10 04:13:16 UTC,2015-01-10 04:13:16 UTC
165,George Mason University,http://spacs.gmu.edu/ms-in-computational-science/,Computational Science,Masters,US,VA,false,true,"School of Physics, Astronomy, and Computational Sciences",2015-01-10 04:13:16 UTC,2015-01-10 04:13:16 UTC
166,George Mason University,http://spacs.gmu.edu/phd-in-computational-sciences-and-informatics/,Computational Sciences and Informatics,Doctorate,US,VA,false,true,"School of Physics, Astronomy, and Computational Sciences",2015-01-10 04:13:16 UTC,2015-01-10 04:13:16 UTC
167,Central Connecticut State University,http://web.ccsu.edu/datamining/,Data Mining,Masters,US,CT,true,false,"",2015-01-10 04:13:16 UTC,2015-01-10 04:13:16 UTC
168,Loras College,http://www.loras.edu/Academics/MBA-Business-Analytics.aspx,Business Analytics,Masters,US,IA,false,true,Business,2015-01-10 04:13:16 UTC,2015-01-10 04:13:16 UTC
169,Carnegie Mellon Unviersity,http://www.heinz.cmu.edu/school-of-information-systems-and-management/information-systems-management-mism/business-intelligence-data-analytics/index.aspx,Business Intelligence & Data Analytics,Masters,US,PA,true,true,"",2015-01-10 04:13:16 UTC,2015-01-10 04:13:16 UTC
170,College of Charleston,http://datascience.cofc.edu/,Data Science,Bachelors,US,SC,false,true,Computer Science,2015-01-10 04:13:16 UTC,2015-01-10 04:13:16 UTC
171,New York University (NYU),http://www.stern.nyu.edu/programs-admissions/global-degrees/business-analytics/index.htm,Business Analytics,Masters,US,NY,false,true,Business,2015-01-10 04:13:16 UTC,2015-01-10 04:13:16 UTC
172,Michigan State University,http://broad.msu.edu/businessanalytics/,Business Analytics,Masters,US,MI,false,true,Business,2015-01-10 04:13:16 UTC,2015-01-10 04:13:16 UTC
173,Louisiana State University,http://businessanalytics.lsu.edu/,Business Analytics,Masters,US,LA,false,true,Business,2015-01-10 04:13:16 UTC,2015-01-10 04:13:16 UTC
174,University of San Francisco,http://www.usfca.edu/analytics/,Analytics,Masters,US,CA,false,true,"",2015-01-10 04:13:16 UTC,2015-01-10 04:13:16 UTC
175,Georgia Southern University,http://online.georgiasouthern.edu/index.php?link=grad_ComputerScience,Computer Science Concentration In Data,Masters,US,GA,true,true,"",2015-01-10 04:13:16 UTC,2015-01-10 04:13:16 UTC
176,University of Washington,http://www.pce.uw.edu/certificates/data-science.html,Data Science,Certificate,US,WA,true,true,Professional & Continuing Education,2015-01-10 04:13:16 UTC,2015-01-10 04:13:16 UTC
177,University of California - San Diego Extension,http://extension.ucsd.edu/programs/index.cfm?vAction=certDetail&vCertificateID=128&vStudyAreaID=14,Data Mining,Certificate,US,CA,true,true,"",2015-01-10 04:13:16 UTC,2015-01-10 04:13:16 UTC
178,University of Cincinnati,http://business.uc.edu/programs/graduate/msbana.html,Business Analytics,Masters,US,OH,false,true,Business,2015-01-10 04:13:16 UTC,2015-01-10 04:13:16 UTC
179,Stanford University,http://scpd.stanford.edu/public/category/courseCategoryCertificateProfile.do?method=load&certificateId=1209602,Data Mining and Applications,Certificate,US,CA,true,false,"",2015-01-10 04:13:16 UTC,2015-01-10 04:13:16 UTC
180,Northwestern University,http://www.analytics.northwestern.edu/,Analytics,Masters,US,IL,false,true,Engineering,2015-01-10 04:13:16 UTC,2015-01-10 04:13:16 UTC
181,Northwestern University,http://www.scs.northwestern.edu/program-areas/graduate/predictive-analytics/index.php,Predictive Analytics,Masters,US,IL,true,false,Continuing Studies,2015-01-10 04:13:16 UTC,2015-01-10 04:13:16 UTC
182,North Carolina State University,http://analytics.ncsu.edu/?page_id=1799,Analytics,Masters,US,NC,false,true,Institute for Advanced Analytics,2015-01-10 04:13:16 UTC,2015-01-10 04:13:16 UTC
183,Syracuse University,http://ischool.syr.edu/future/cas/datascience.aspx,Data Science,Certificate,US,NY,true,true,Information Studies,2015-01-10 04:13:16 UTC,2015-01-10 04:13:16 UTC
184,Stevens Institute of Technology,http://www.stevens.edu/sit/graduate/master-of-science-business-intelligence-and-analytics.cfm,Business Intelligence & Analytics,Masters,US,NJ,false,true,"",2015-01-10 04:13:16 UTC,2015-01-10 04:13:16 UTC
185,Utrecht University,http://www.cs.uu.nl/education/,Business Informatics,Masters,NL,"",false,true,Information and Computing Sciences,2015-01-10 04:13:16 UTC,2015-01-10 04:13:16 UTC
186,Tarleton State University,http://www.tarleton.edu/math/degrees/graduate.html#MSDataMining,Data Mining,Masters,US,TX,false,true,Mathematics,2015-01-10 04:13:16 UTC,2015-01-10 04:13:16 UTC
187,Villanova University,http://analytics.villanova.edu/,Analytics,Masters,US,PA,true,false,Business,2015-01-10 04:13:16 UTC,2015-01-10 04:13:16 UTC
188,University of Chicago,https://grahamschool.uchicago.edu/credit/master-science-analytics/index,Analytics,Masters,US,IL,false,true,"",2015-01-10 04:13:16 UTC,2015-01-10 04:13:16 UTC
189,Becker College,http://www.becker.edu/academics/departments-programs/data-science/,Data Science,Bachelors,US,MA,false,true,Data Science,2015-01-10 04:13:16 UTC,2015-01-10 04:13:16 UTC
190,University of Oklahoma,http://www.ou.edu/coe/datascience.html,Data Science and Analytics,Masters,US,OK,false,true,Engineering,2015-01-10 04:13:16 UTC,2015-01-10 04:13:16 UTC
191,Regis University,http://www.regis.edu/CCIS/Academics/Degrees-Programs/Certificates/GC-Data-Science.aspx,Data Science,Certificate,US,CO,true,true,"",2015-01-10 04:13:16 UTC,2015-01-10 04:13:16 UTC
192,Northeastern University,http://www.ccs.neu.edu/graduate/degree-programs/certificate-data-science/,Data Science,Certificate,US,MA,false,true,"",2015-01-10 04:13:16 UTC,2015-01-10 04:13:16 UTC
193,Saint Peter's University,http://www.saintpeters.edu/data-science-and-business-analytics/,Data Science,Masters,US,NJ,false,true,"",2015-01-10 04:13:16 UTC,2015-01-10 04:13:16 UTC
194,St. John's University,http://www.stjohns.edu/academics/schools-and-colleges/college-professional-studies/programs-and-majors/data-mining-and-predictive-analytics-master-science,Data Mining and Predictive Analytics,Masters,US,NY,false,true,"",2015-01-10 04:13:16 UTC,2015-01-10 04:13:16 UTC
195,"University of North Carolina, Charlotte",http://analytics.uncc.edu/,Data Science and Business Analytics,Masters,US,NC,false,true,Data Science,2015-01-10 04:13:16 UTC,2015-01-10 04:13:16 UTC
196,"University of North Carolina, Charlotte",https://cci.uncc.edu/academic-programs/phd,Computing and Information Systems,Doctorate,US,NC,false,true,Computing and Informatics,2015-01-10 04:13:16 UTC,2015-01-10 04:13:16 UTC
197,Drexel University,http://drexel.edu/cci/academics/graduate-programs/phd-information-studies/,Information Studies,Doctorate,US,PA,false,true,Computing and Informatics,2015-01-10 04:13:16 UTC,2015-01-10 04:13:16 UTC
198,Chapman University,http://www.chapman.edu/scst/graduate/phd-computational-science.aspx,Computational and Data Sciences,Doctorate,US,CA,false,true,Interdisciplinary,2015-01-10 04:13:16 UTC,2015-01-10 04:13:16 UTC
199,University of Minnesota,http://carlsonschool.umn.edu/degrees/master-science-business-analytics,Business Analytics,Masters,US,MN,false,true,Business,2015-01-10 04:13:16 UTC,2015-01-10 04:13:16 UTC
200,University of St. Thomas,http://www.stthomas.edu/gradsoftware/programs/masters/msdatascience/,Data Science,Masters,US,MN,false,true,Engineering,2015-01-10 04:13:16 UTC,2015-01-10 04:13:16 UTC
201,Southern New Hampshire University,http://www.snhu.edu/online-degrees/undergraduate-degrees/data-analytics-bs-online.asp,Data Analytics,Bachelors,US,NH,true,false,"",2015-01-10 04:13:16 UTC,2015-01-10 04:13:16 UTC
202,Instituto de Empresa,http://mbd.ie.edu/,Business Analytics and Big Data,Masters,ES,"",false,true,"",2015-01-10 04:13:16 UTC,2015-01-10 04:13:16 UTC
203,Arkansas Tech University,http://www.atu.edu/business/programs_bdanalytics.php,Business Data Analytics,Bachelors,US,AR,true,false,Business,2015-01-10 04:13:16 UTC,2015-01-10 04:13:16 UTC
204,Newcastle University,http://teaching.ncl.ac.uk/ccfbd-cdt,Cloud Computing for Big Data,Doctorate,GB,"",false,true,Computing Science / Mathematics and Statistics,2015-01-10 04:13:16 UTC,2015-01-10 04:13:16 UTC
205,"University of California, Berkeley",http://www.eecs.berkeley.edu/MEng/index.shtml,Data Science and Systems Concentration,Masters,US,CA,false,true,Engineering,2015-01-10 04:13:16 UTC,2015-01-10 04:13:16 UTC
206,St. Mary's University,https://www.stmarytx.edu/academics/business/undergraduate/accounting-data-analytics-major/,Data Analytics,Bachelors,US,TX,false,true,Business,2015-01-10 04:13:16 UTC,2015-01-10 04:13:16 UTC
207,City University London,http://www.city.ac.uk/courses/postgraduate/data-science-msc,Data Science,Masters,GB,"",false,true,"",2015-01-10 04:13:16 UTC,2015-01-10 04:13:16 UTC
208,University of Nottingham,http://www.nottingham.ac.uk/ugstudy/courses/computerscience/bsc-data-science.aspx,Data Science,Bachelors,GB,"",false,true,Computer Science,2015-01-10 04:13:16 UTC,2015-01-10 04:13:16 UTC
209,Sabancı University,http://da.sabanciuniv.edu/en,Data Science,Masters,TR,"",false,true,Engineering,2015-01-10 04:13:16 UTC,2015-01-10 04:13:16 UTC
210,University of Louisville,http://louisville.edu/online/programs/graduate-certificate-programs/graduate-certificate-in-data-mining,Data Mining,Certificate,US,KY,true,false,Computer Science,2015-01-10 04:13:16 UTC,2015-01-10 04:13:16 UTC
211,Southern Methodist University,http://datascience.smu.edu,Data Science,Masters,US,TX,true,false,"",2015-01-10 04:13:16 UTC,2015-01-10 04:13:16 UTC
212,University of Barcelona,http://www.barcelonagse.eu/data-science-master-degree.html,Data Science,Masters,ES,"",false,true,"",2015-01-10 04:13:16 UTC,2015-01-10 04:13:16 UTC
213,Mackenzie Presbyterian Institute,http://www.mackenzie.br/27582.html,Big Data Analytics,Masters,BR,"",false,true,"",2015-01-10 04:13:16 UTC,2015-01-10 04:13:16 UTC
214,GalvanizeU (University of New Haven),http://www.galvanizeu.com/,Data Science,Masters,US,CA,false,true,"",2015-01-10 04:13:16 UTC,2015-01-10 04:13:16 UTC
215,George Mason University,http://volgenau.gmu.edu/,Data Analytics Engineering,Masters,US,VA,false,true,Volgenau School of Engineering,2015-01-23 18:14:56 UTC,2015-01-23 18:14:56 UTC
216,BAICR,http://www.baicr.it/palinsesto-geografico/data-science,Data Science,Masters,IT,"",false,true,"",2015-01-23 18:14:57 UTC,2015-01-23 18:14:57 UTC
217,Data ScienceTech Institute,https://www.datasciencetech.institute/,Data Science,Masters,FR,"",false,true,"",2015-01-23 18:14:57 UTC,2015-01-23 18:14:57 UTC
218,Miami University of Ohio,http://miamioh.edu/academics/majors-minors/minors/business-analytics.html,Business Analytics Minor,Bachelors,US,OH,false,true,Business,2015-01-23 18:14:57 UTC,2015-01-23 18:14:57 UTC
219,Miami University of Ohio,http://miamioh.edu/fsb/academics/isa/academics/majors/co-major/index.html,I.S. and Analytics,Bachelors,US,OH,false,true,Business,2015-01-23 18:14:57 UTC,2015-01-23 18:14:57 UTC
220,Saint Mary's College,https://grad.saintmarys.edu/academic-programs/ms-data-science,Data Science,Masters,US,IN,true,false,"",2015-03-10 21:34:09 UTC,2015-03-10 21:34:09 UTC
221,Auburn University,http://harbert.auburn.edu/academics/undergraduate/business-analytics/index.php,Data Science,Bachelors,US,AL,false,true,Business,2015-03-10 21:34:09 UTC,2015-03-10 21:34:09 UTC
222,Austin Peay State University,http://www.apsu.edu/csci/psm-information,Predictive Analytics,Masters,US,TN,true,true,Computer Science,2015-03-10 21:34:09 UTC,2015-03-10 21:34:09 UTC
223,Baker College,http://www.baker.edu/programs-degrees/business-intelligence-master-ba/,Business Intelligence,Masters,US,MI,true,false,"",2015-03-10 21:34:09 UTC,2015-03-10 21:34:09 UTC
224,University of Alabama,http://manderson.cba.ua.edu/academics/departments/mba_program/curriculum,Business Analytics,Masters,US,AL,false,true,Business,2015-03-10 21:34:09 UTC,2015-03-10 21:34:09 UTC
225,University of Alabama,http://manderson.cba.ua.edu/academics/departments/masters_program/master_of_science_in_applied_statistics,Applied Statistics,Masters,US,AL,false,true,Business,2015-03-10 21:34:09 UTC,2015-03-10 21:34:09 UTC
226,University of Arizona,http://grad.arizona.edu/programs/programinfo/BIACRTG,Business Intelligence and Analytics,Certificate,US,AZ,true,false,Management,2015-03-11 18:31:03 UTC,2015-03-11 18:31:03 UTC
227,University of Arkansas,http://gsb.uark.edu/business-analytics-certificate/,Business Analytics,Certificate,US,AR,false,true,Business,2015-03-11 18:31:03 UTC,2015-03-11 18:31:03 UTC
228,University of Arkansas,http://gsb.uark.edu/master-of-information-systems/,I.S. Business Analytics,Masters,US,AR,false,true,Business,2015-03-11 18:31:03 UTC,2015-03-11 18:31:03 UTC
229,"Cal State University, East Bay",http://www20.csueastbay.edu/cbe/msba/index.html,MBA Business Analytics,Masters,US,CA,false,true,Business,2015-03-11 18:31:03 UTC,2015-03-11 18:31:03 UTC
230,"Cal State University, Fullerton",http://extension.fullerton.edu/ProfessionalDevelopment/Certificates/Data-Science,MBA Business Analytics,Certificate,US,CA,true,false,"",2015-03-11 18:31:03 UTC,2015-03-11 18:31:03 UTC
231,"Cal State University, Fullerton",http://business.fullerton.edu/graduateprograms/msis/,Decision Sciences,Masters,US,CA,false,true,Business,2015-03-11 18:31:03 UTC,2015-03-11 18:31:03 UTC
232,"Cal State University, Long Beach",http://web.csulb.edu/divisions/aa/catalog/current/cnsm/mathematics/mathms05.html,Applied Statistics,Masters,US,CA,false,true,Math and Statistics,2015-03-11 18:31:03 UTC,2015-03-11 18:31:03 UTC
233,Chapman University,http://www.chapman.edu/scst/graduate/ms-computational-sciences.aspx,Computational and Data Sciences,Masters,US,CA,false,true,Math and Statistics,2015-03-11 18:31:03 UTC,2015-03-11 18:31:03 UTC
235,National University,http://www.nu.edu/OurPrograms/SchoolOfEngineeringAndTechnology/ComputerScienceAndInformationSystems/Programs/MasterofScienceinDataAnalytics.html,Data Analytics,Masters,US,CA,false,true,Computer Science,2015-03-11 18:31:03 UTC,2015-03-11 18:31:03 UTC
236,National University,http://www.nu.edu/OurPrograms/SchoolOfHealthAndHumanServices/CommunityHealth/Programs/MasterofScienceinHealth&LifeScienceAnalytics.html,Life Science Analytics,Masters,US,CA,false,true,Computer Science,2015-03-11 18:31:03 UTC,2015-03-11 18:31:03 UTC
237,San Jose State University,http://www.sjsu.edu/lucasschool/bacertificate/,Business Analytics,Certificate,US,CA,true,false,Business,2015-03-11 18:31:03 UTC,2015-03-11 18:31:03 UTC
238,Santa Clara University,http://www.scu.edu/business/graduates/current-students/data-science.cfm,Data Science and Business Analytics,Masters,US,CA,false,true,Business,2015-03-11 18:31:03 UTC,2015-03-11 18:31:03 UTC
239,Stanford University,http://cs.stanford.edu/degrees/mscs/specializations/#IMA,Information Management and Analytics,Masters,US,CA,false,true,Computer Science,2015-03-11 18:31:03 UTC,2015-03-11 18:31:03 UTC
240,Stanford University,https://statistics.stanford.edu/academics/ms-statistics-data-science,Data Science,Masters,US,CA,false,true,Statistics,2015-03-11 18:31:03 UTC,2015-03-11 18:31:03 UTC
241,"University of California, Davis",http://www.ucdmc.ucdavis.edu/informatics/masters/,Health Informatics,Masters,US,CA,false,true,Medicine,2015-03-11 18:31:03 UTC,2015-03-11 18:31:03 UTC
243,"University of California, Irvine",http://unex.uci.edu/areas/it/predictive_analytics/,Predictive Analytics,Certificate,US,CA,true,false,"",2015-03-11 18:31:03 UTC,2015-03-11 18:31:03 UTC
244,University of Southern California,http://www.marshall.usc.edu/msanalytics,Business Analytics,Masters,US,CA,false,true,Business,2015-03-11 18:31:03 UTC,2015-03-11 18:31:03 UTC
245,University of Southern California,http://hcda.usc.edu/program/,Healthcare Decision Analysis,Masters,US,CA,false,true,Pharmacy,2015-03-11 18:31:03 UTC,2015-03-11 18:31:03 UTC
242,"University of California, Davis",http://gsm.ucdavis.edu/bay-area-mba,Business Analytics,Masters,US,CA,false,true,Business,2015-03-11 18:31:03 UTC,2015-03-11 18:36:16 UTC
234,South Dakota State University,http://www.sdstate.edu/mathstat/grad/css-phd.cfm,Computational Science and Statistics,Doctorate,US,SD,false,true,Mathematics and Statistics,2015-03-11 18:31:03 UTC,2015-03-11 18:58:10 UTC
246,"Colorado State University, Fort Collins",http://www.online.colostate.edu/certificates/applied-statistics/,Applied Statistics,Certificate,US,CO,true,false,Statistics,2015-03-11 19:37:57 UTC,2015-03-11 19:37:57 UTC
247,"Colorado State University, Fort Collins",http://www.online.colostate.edu/degrees/applied-statistics/,Applied Statistics,Masters,US,CO,true,false,Statistics,2015-03-11 19:37:57 UTC,2015-03-11 19:37:57 UTC
248,"Colorado State University, Fort Collins",http://www.online.colostate.edu/certificates/data-analysis/,Data Analysis,Certificate,US,CO,true,false,Statistics,2015-03-11 19:37:57 UTC,2015-03-11 19:37:57 UTC
249,"University of Colorado, Denver",http://catalog.ucdenver.edu/preview_program.php?catoid=7&poid=1329&returnto=827,Applied Statistics,Certificate,US,CO,false,true,Mathematics and Statistics,2015-03-11 19:37:57 UTC,2015-03-11 19:37:57 UTC
250,"University of Colorado, Denver",http://www.ucdenver.edu/academics/colleges/business/degrees/ms/business-analytics/Pages/Big-Data.aspx,Business Analytics - Big Data,Masters,US,CO,false,true,Business,2015-03-11 19:37:57 UTC,2015-03-11 19:37:57 UTC
251,"University of Colorado, Denver",http://catalog.ucdenver.edu/preview_program.php?catoid=10&poid=2105&returnto=1350,Decision Sciences,Masters,US,CO,false,true,Business,2015-03-11 19:37:57 UTC,2015-03-11 19:37:57 UTC
252,University of Denver,http://daniels.du.edu/masters-degrees/business-analytics/,Business Analytics,Masters,US,CO,false,true,Business,2015-03-11 19:37:57 UTC,2015-03-11 19:37:57 UTC
253,Quinnipiac University,http://www.quinnipiac.edu/academics/qu-online/online-programs/online-graduate-programs/master-of-science-in-business-analytics/,Business Analytics,Masters,US,CT,true,false,Business,2015-03-11 19:37:57 UTC,2015-03-11 19:37:57 UTC
254,American University,http://www.american.edu/kogod/graduate/MS-ANLT.cfm,Analytics,Masters,US,DC,false,true,Business,2015-03-11 19:37:57 UTC,2015-03-11 19:37:57 UTC
255,Georgetown University,http://gradanalytics.georgetown.edu/,Analytics,Masters,US,DC,false,true,Business,2015-03-11 19:37:57 UTC,2015-03-11 19:37:57 UTC
256,Full Sail University,http://www.fullsail.edu/degrees/online/business-intelligence-masters,Business Intelligence,Masters,US,FL,true,false,"",2015-03-12 05:22:55 UTC,2015-03-12 05:22:55 UTC
257,Florida International University,http://business.fiu.edu/fiubusiness/mshims/,Health Informatics,Masters,US,FL,false,true,"",2015-03-12 05:22:56 UTC,2015-03-12 05:22:56 UTC
258,Nova Southeastern University,http://medicine.nova.edu/msbi/curriculum.html,Biomedical Informatics,Masters,US,FL,false,true,"",2015-03-12 05:22:56 UTC,2015-03-12 05:22:56 UTC
259,Pasco-Hernando State College,http://phsc.edu/program/healthcare-informatics-specialist-certificate,Healthcare Informatics,Certificate,US,FL,false,true,"",2015-03-12 05:22:56 UTC,2015-03-12 05:22:56 UTC
260,University of Central Florida,http://www.ce.ucf.edu/Program/2626/Master-Of-Science-In-Health-Care-Informatics/,Healthcare Informatics,Masters,US,FL,true,false,"",2015-03-12 05:22:56 UTC,2015-03-12 05:22:56 UTC
261,University of Florida,http://warrington.ufl.edu/graduate/academics/ms-isom/,Business Intelligence and Analytics,Masters,US,FL,false,true,Business,2015-03-12 05:22:56 UTC,2015-03-12 05:22:56 UTC
262,University of Miami,http://www.bus.miami.edu/graduate-programs/specialized-masters/analytics/index.html,Business Analytics,Masters,US,FL,false,true,Business,2015-03-12 05:22:56 UTC,2015-03-12 05:22:56 UTC
263,"University of South Florida, Sarasota-Manatee",http://usfsm.edu/catalog/graduate/college-of-business-degree-programs/college-of-business-certificate-programs/business-analytics-certificate/,Business Analytics,Certificate,US,FL,false,true,Business,2015-03-12 05:22:56 UTC,2015-03-12 05:22:56 UTC
264,University of South Florida,http://www.usfhealthonline.com/programs/masters-degree/ms-health-informatics/,Health Informatics,Masters,US,FL,true,false,Medicine,2015-03-12 05:22:56 UTC,2015-03-12 05:22:56 UTC
265,Georgia State University,http://specialized.robinson.gsu.edu/msa/,Analytics,Masters,US,GA,false,true,Business,2015-03-12 05:22:56 UTC,2015-03-12 05:22:56 UTC
266,Georgia Tech,http://www.analytics.gatech.edu/,Analytics,Masters,US,GA,false,true,Interdisciplinary,2015-03-12 05:22:56 UTC,2015-03-12 05:22:56 UTC
267,Mercer University,http://business.mercer.edu/business-analytics/,Business Analytics,Masters,US,GA,false,true,Business,2015-03-12 05:22:56 UTC,2015-03-12 05:22:56 UTC
268,University of Georgia,http://www.terry.uga.edu/mba/fulltime/concentrations/business-analytics,Business Analytics,Masters,US,GA,false,true,Business,2015-03-12 05:22:56 UTC,2015-03-12 05:22:56 UTC
269,Elmhurst College,http://public.elmhurst.edu/data_science/227880201.html,Data Science,Certificate,US,IL,true,false,"",2015-03-12 05:22:56 UTC,2015-03-12 05:22:56 UTC
270,Aurora University,http://www.aurora.edu/academics/graduate/marketing/index.html#.VQEZRY73-iw,Digital Marketing and Analytics,Masters,US,IL,false,true,"",2015-03-12 05:22:56 UTC,2015-03-12 05:22:56 UTC
271,Benedictine University,http://www.ben.edu/college-of-business/graduate/master-of-science-in-business-analytics.cfm,Business Analytics,Masters,US,IL,false,true,Business,2015-03-12 05:22:56 UTC,2015-03-12 05:22:56 UTC
272,Lewis University,https://www.lewisu.edu/academics/business-analytics/index.htm,Business Analytics,Masters,US,IL,true,false,Business,2015-03-12 05:22:56 UTC,2015-03-12 05:22:56 UTC
273,"Loyola University, Chicago",http://www.luc.edu/math/msappliedstat.shtml,Applied Statistics,Masters,US,IL,false,true,Mathematics and Statistics,2015-03-12 05:22:56 UTC,2015-03-12 05:22:56 UTC
274,Northwestern University,http://sps.northwestern.edu/program-areas/professional-development/bridge-school/index.php,Predictive Business Analytics,Certificate,US,IL,false,true,"",2015-03-12 05:22:56 UTC,2015-03-12 05:22:56 UTC
275,Northwestern University,http://sps.northwestern.edu/program-areas/advanced-graduate/analytics-business-intelligence/index.php,Analytics and Business Intelligence,Certificate,US,IL,true,false,"",2015-03-12 05:22:56 UTC,2015-03-12 05:22:56 UTC
276,Northwestern University,http://sps.northwestern.edu/program-areas/graduate/information-systems/index.php,Analytics and Business Intelligence,Masters,US,IL,true,false,"",2015-03-12 05:22:56 UTC,2015-03-12 05:22:56 UTC
277,University of Illinois at Chicago,http://healthinformatics.uic.edu/,Health Informatics,Masters,US,IL,true,false,"",2015-03-12 05:22:56 UTC,2015-03-12 05:22:56 UTC
278,University of St Francis,http://www.stfrancis.edu/academics/master-of-business-administration/,Business Analytics,Masters,US,IL,true,true,Business,2015-03-12 05:22:56 UTC,2015-03-12 05:22:56 UTC
279,University of St Francis,http://www.stfrancis.edu/academics/college-of-business/graduate-certificate-business-analytics/,Business Analytics,Certificate,US,IL,true,true,Business,2015-03-12 05:22:56 UTC,2015-03-12 05:22:56 UTC
